date,interest_rate
2023-10-31,4.50,
2023-11-30,4.50,
2023-12-31,4.50,
2024-01-31,4.50,
2024-02-29,4.50,
2024-03-31,4.50,
2024-04-30,4.50,
2024-05-31,4.50,
2024-06-30,4.25,
2024-07-31,4.25,
2024-08-31,4.25,
2024-09-30,3.65,
2024-10-31,3.40,
2024-11-30,3.40,
2024-12-31,3.15,
2025-01-31,3.15,
2025-02-28,2.90,
2025-03-31,2.65,
2025-04-30,2.40,
2025-05-31,2.40,
2025-06-30,2.15,
2025-07-31,2.15,
2025-08-31,2.15,
2025-09-30,2.15,