date,interest_rate,Month
2023-10-31,4.5,2023-10
2023-11-30,4.5,2023-11
2023-12-31,4.5,2023-12
2024-01-31,4.5,2024-01
2024-02-29,4.5,2024-02
2024-03-31,4.5,2024-03
2024-04-30,4.5,2024-04
2024-05-31,4.5,2024-05
2024-06-30,4.25,2024-06
2024-07-31,4.25,2024-07
2024-08-31,4.25,2024-08
2024-09-30,3.65,2024-09
2024-10-31,3.4,2024-10
2024-11-30,3.4,2024-11
2024-12-31,3.15,2024-12
2025-01-31,3.15,2025-01
2025-02-28,2.9,2025-02
2025-03-31,2.65,2025-03
2025-04-30,2.4,2025-04
2025-05-31,2.4,2025-05
2025-06-30,2.15,2025-06
2025-07-31,2.15,2025-07
2025-08-31,2.15,2025-08
2025-09-30,2.15,2025-09
